timestamp,run,operation,method,endpoint,http_status,code,valid,result,controllerTimeMs,clientElapsedMs,message,error
2026-04-26T06:54:06,1,Sign-Qiao,GET,http://localhost:8080/scheme/vehicle/sign-qiao,200,20011,True,1,134,182.519,Qiao Sign success,
2026-04-26T06:54:06,2,Sign-Qiao,GET,http://localhost:8080/scheme/vehicle/sign-qiao,200,20011,True,1,123,125.792,Qiao Sign success,
2026-04-26T06:54:06,3,Sign-Qiao,GET,http://localhost:8080/scheme/vehicle/sign-qiao,200,20011,True,1,95,97.048,Qiao Sign success,
2026-04-26T06:54:06,4,Sign-Qiao,GET,http://localhost:8080/scheme/vehicle/sign-qiao,200,20011,True,1,93,95.32,Qiao Sign success,
2026-04-26T06:54:07,5,Sign-Qiao,GET,http://localhost:8080/scheme/vehicle/sign-qiao,200,20011,True,1,111,112.783,Qiao Sign success,
2026-04-26T06:54:07,6,Sign-Qiao,GET,http://localhost:8080/scheme/vehicle/sign-qiao,200,20011,True,1,110,113.674,Qiao Sign success,
2026-04-26T06:54:07,7,Sign-Qiao,GET,http://localhost:8080/scheme/vehicle/sign-qiao,200,20011,True,1,108,110.313,Qiao Sign success,
2026-04-26T06:54:07,8,Sign-Qiao,GET,http://localhost:8080/scheme/vehicle/sign-qiao,200,20011,True,1,76,79.234,Qiao Sign success,
2026-04-26T06:54:07,9,Sign-Qiao,GET,http://localhost:8080/scheme/vehicle/sign-qiao,200,20011,True,1,128,130.721,Qiao Sign success,
2026-04-26T06:54:07,10,Sign-Qiao,GET,http://localhost:8080/scheme/vehicle/sign-qiao,200,20011,True,1,94,96.498,Qiao Sign success,
2026-04-26T06:54:07,11,Sign-Qiao,GET,http://localhost:8080/scheme/vehicle/sign-qiao,200,20011,True,1,68,70.063,Qiao Sign success,
2026-04-26T06:54:07,12,Sign-Qiao,GET,http://localhost:8080/scheme/vehicle/sign-qiao,200,20011,True,1,113,114.895,Qiao Sign success,
2026-04-26T06:54:07,13,Sign-Qiao,GET,http://localhost:8080/scheme/vehicle/sign-qiao,200,20011,True,1,74,75.912,Qiao Sign success,
2026-04-26T06:54:07,14,Sign-Qiao,GET,http://localhost:8080/scheme/vehicle/sign-qiao,200,20011,True,1,98,99.665,Qiao Sign success,
2026-04-26T06:54:08,15,Sign-Qiao,GET,http://localhost:8080/scheme/vehicle/sign-qiao,200,20011,True,1,67,69.503,Qiao Sign success,
2026-04-26T06:54:08,16,Sign-Qiao,GET,http://localhost:8080/scheme/vehicle/sign-qiao,200,20011,True,1,93,94.532,Qiao Sign success,
2026-04-26T06:54:08,17,Sign-Qiao,GET,http://localhost:8080/scheme/vehicle/sign-qiao,200,20011,True,1,92,93.937,Qiao Sign success,
2026-04-26T06:54:08,18,Sign-Qiao,GET,http://localhost:8080/scheme/vehicle/sign-qiao,200,20011,True,1,76,77.664,Qiao Sign success,
2026-04-26T06:54:08,19,Sign-Qiao,GET,http://localhost:8080/scheme/vehicle/sign-qiao,200,20011,True,1,101,102.345,Qiao Sign success,
2026-04-26T06:54:08,20,Sign-Qiao,GET,http://localhost:8080/scheme/vehicle/sign-qiao,200,20011,True,1,71,72.824,Qiao Sign success,
2026-04-26T06:54:08,21,Sign-Qiao,GET,http://localhost:8080/scheme/vehicle/sign-qiao,200,20011,True,1,75,76.901,Qiao Sign success,
2026-04-26T06:54:08,22,Sign-Qiao,GET,http://localhost:8080/scheme/vehicle/sign-qiao,200,20011,True,1,67,68.83,Qiao Sign success,
2026-04-26T06:54:08,23,Sign-Qiao,GET,http://localhost:8080/scheme/vehicle/sign-qiao,200,20011,True,1,81,83.03,Qiao Sign success,
2026-04-26T06:54:08,24,Sign-Qiao,GET,http://localhost:8080/scheme/vehicle/sign-qiao,200,20011,True,1,68,70.512,Qiao Sign success,
2026-04-26T06:54:08,25,Sign-Qiao,GET,http://localhost:8080/scheme/vehicle/sign-qiao,200,20011,True,1,66,67.527,Qiao Sign success,
2026-04-26T06:54:08,26,Sign-Qiao,GET,http://localhost:8080/scheme/vehicle/sign-qiao,200,20011,True,1,71,72.334,Qiao Sign success,
2026-04-26T06:54:09,27,Sign-Qiao,GET,http://localhost:8080/scheme/vehicle/sign-qiao,200,20011,True,1,92,94.418,Qiao Sign success,
2026-04-26T06:54:09,28,Sign-Qiao,GET,http://localhost:8080/scheme/vehicle/sign-qiao,200,20011,True,1,79,80.802,Qiao Sign success,
2026-04-26T06:54:09,29,Sign-Qiao,GET,http://localhost:8080/scheme/vehicle/sign-qiao,200,20011,True,1,86,88.117,Qiao Sign success,
2026-04-26T06:54:09,30,Sign-Qiao,GET,http://localhost:8080/scheme/vehicle/sign-qiao,200,20011,True,1,87,88.462,Qiao Sign success,
2026-04-26T06:54:09,31,Sign-Qiao,GET,http://localhost:8080/scheme/vehicle/sign-qiao,200,20011,True,1,92,93.599,Qiao Sign success,
2026-04-26T06:54:09,32,Sign-Qiao,GET,http://localhost:8080/scheme/vehicle/sign-qiao,200,20011,True,1,81,82.631,Qiao Sign success,
2026-04-26T06:54:09,33,Sign-Qiao,GET,http://localhost:8080/scheme/vehicle/sign-qiao,200,20011,True,1,71,73.184,Qiao Sign success,
2026-04-26T06:54:09,34,Sign-Qiao,GET,http://localhost:8080/scheme/vehicle/sign-qiao,200,20011,True,1,91,93.045,Qiao Sign success,
2026-04-26T06:54:09,35,Sign-Qiao,GET,http://localhost:8080/scheme/vehicle/sign-qiao,200,20011,True,1,85,86.843,Qiao Sign success,
2026-04-26T06:54:09,36,Sign-Qiao,GET,http://localhost:8080/scheme/vehicle/sign-qiao,200,20011,True,1,75,76.825,Qiao Sign success,
2026-04-26T06:54:09,37,Sign-Qiao,GET,http://localhost:8080/scheme/vehicle/sign-qiao,200,20011,True,1,72,74.541,Qiao Sign success,
2026-04-26T06:54:09,38,Sign-Qiao,GET,http://localhost:8080/scheme/vehicle/sign-qiao,200,20011,True,1,79,80.613,Qiao Sign success,
2026-04-26T06:54:10,39,Sign-Qiao,GET,http://localhost:8080/scheme/vehicle/sign-qiao,200,20011,True,1,86,87.938,Qiao Sign success,
2026-04-26T06:54:10,40,Sign-Qiao,GET,http://localhost:8080/scheme/vehicle/sign-qiao,200,20011,True,1,76,77.881,Qiao Sign success,
2026-04-26T06:54:10,41,Sign-Qiao,GET,http://localhost:8080/scheme/vehicle/sign-qiao,200,20011,True,1,76,77.952,Qiao Sign success,
2026-04-26T06:54:10,42,Sign-Qiao,GET,http://localhost:8080/scheme/vehicle/sign-qiao,200,20011,True,1,69,71.142,Qiao Sign success,
2026-04-26T06:54:10,43,Sign-Qiao,GET,http://localhost:8080/scheme/vehicle/sign-qiao,200,20011,True,1,97,98.781,Qiao Sign success,
2026-04-26T06:54:10,44,Sign-Qiao,GET,http://localhost:8080/scheme/vehicle/sign-qiao,200,20011,True,1,85,86.525,Qiao Sign success,
2026-04-26T06:54:10,45,Sign-Qiao,GET,http://localhost:8080/scheme/vehicle/sign-qiao,200,20011,True,1,216,217.747,Qiao Sign success,
2026-04-26T06:54:10,46,Sign-Qiao,GET,http://localhost:8080/scheme/vehicle/sign-qiao,200,20011,True,1,125,128.634,Qiao Sign success,
2026-04-26T06:54:10,47,Sign-Qiao,GET,http://localhost:8080/scheme/vehicle/sign-qiao,200,20011,True,1,116,118.452,Qiao Sign success,
2026-04-26T06:54:10,48,Sign-Qiao,GET,http://localhost:8080/scheme/vehicle/sign-qiao,200,20011,True,1,76,81.535,Qiao Sign success,
2026-04-26T06:54:11,49,Sign-Qiao,GET,http://localhost:8080/scheme/vehicle/sign-qiao,200,20011,True,1,83,84.634,Qiao Sign success,
2026-04-26T06:54:11,50,Sign-Qiao,GET,http://localhost:8080/scheme/vehicle/sign-qiao,200,20011,True,1,81,83.338,Qiao Sign success,
2026-04-26T06:54:11,51,Sign-Qiao,GET,http://localhost:8080/scheme/vehicle/sign-qiao,200,20011,True,1,74,79.903,Qiao Sign success,
2026-04-26T06:54:11,52,Sign-Qiao,GET,http://localhost:8080/scheme/vehicle/sign-qiao,200,20011,True,1,94,96.436,Qiao Sign success,
2026-04-26T06:54:11,53,Sign-Qiao,GET,http://localhost:8080/scheme/vehicle/sign-qiao,200,20011,True,1,131,133.866,Qiao Sign success,
2026-04-26T06:54:11,54,Sign-Qiao,GET,http://localhost:8080/scheme/vehicle/sign-qiao,200,20011,True,1,84,85.99,Qiao Sign success,
2026-04-26T06:54:11,55,Sign-Qiao,GET,http://localhost:8080/scheme/vehicle/sign-qiao,200,20011,True,1,84,86.239,Qiao Sign success,
2026-04-26T06:54:11,56,Sign-Qiao,GET,http://localhost:8080/scheme/vehicle/sign-qiao,200,20011,True,1,78,83.754,Qiao Sign success,
2026-04-26T06:54:11,57,Sign-Qiao,GET,http://localhost:8080/scheme/vehicle/sign-qiao,200,20011,True,1,115,116.915,Qiao Sign success,
2026-04-26T06:54:11,58,Sign-Qiao,GET,http://localhost:8080/scheme/vehicle/sign-qiao,200,20011,True,1,66,69.055,Qiao Sign success,
2026-04-26T06:54:11,59,Sign-Qiao,GET,http://localhost:8080/scheme/vehicle/sign-qiao,200,20011,True,1,76,78.058,Qiao Sign success,
2026-04-26T06:54:12,60,Sign-Qiao,GET,http://localhost:8080/scheme/vehicle/sign-qiao,200,20011,True,1,74,76.307,Qiao Sign success,
2026-04-26T06:54:12,61,Sign-Qiao,GET,http://localhost:8080/scheme/vehicle/sign-qiao,200,20011,True,1,70,72.618,Qiao Sign success,
2026-04-26T06:54:12,62,Sign-Qiao,GET,http://localhost:8080/scheme/vehicle/sign-qiao,200,20011,True,1,73,74.301,Qiao Sign success,
2026-04-26T06:54:12,63,Sign-Qiao,GET,http://localhost:8080/scheme/vehicle/sign-qiao,200,20011,True,1,66,68.034,Qiao Sign success,
2026-04-26T06:54:12,64,Sign-Qiao,GET,http://localhost:8080/scheme/vehicle/sign-qiao,200,20011,True,1,133,135.379,Qiao Sign success,
2026-04-26T06:54:12,65,Sign-Qiao,GET,http://localhost:8080/scheme/vehicle/sign-qiao,200,20011,True,1,77,79.341,Qiao Sign success,
2026-04-26T06:54:12,66,Sign-Qiao,GET,http://localhost:8080/scheme/vehicle/sign-qiao,200,20011,True,1,101,103.54,Qiao Sign success,
2026-04-26T06:54:12,67,Sign-Qiao,GET,http://localhost:8080/scheme/vehicle/sign-qiao,200,20011,True,1,114,118.168,Qiao Sign success,
2026-04-26T06:54:12,68,Sign-Qiao,GET,http://localhost:8080/scheme/vehicle/sign-qiao,200,20011,True,1,105,107.051,Qiao Sign success,
2026-04-26T06:54:12,69,Sign-Qiao,GET,http://localhost:8080/scheme/vehicle/sign-qiao,200,20011,True,1,67,69.497,Qiao Sign success,
2026-04-26T06:54:13,70,Sign-Qiao,GET,http://localhost:8080/scheme/vehicle/sign-qiao,200,20011,True,1,146,148.068,Qiao Sign success,
2026-04-26T06:54:13,71,Sign-Qiao,GET,http://localhost:8080/scheme/vehicle/sign-qiao,200,20011,True,1,75,76.931,Qiao Sign success,
2026-04-26T06:54:13,72,Sign-Qiao,GET,http://localhost:8080/scheme/vehicle/sign-qiao,200,20011,True,1,213,214.763,Qiao Sign success,
2026-04-26T06:54:13,73,Sign-Qiao,GET,http://localhost:8080/scheme/vehicle/sign-qiao,200,20011,True,1,71,73.173,Qiao Sign success,
2026-04-26T06:54:13,74,Sign-Qiao,GET,http://localhost:8080/scheme/vehicle/sign-qiao,200,20011,True,1,83,85.101,Qiao Sign success,
2026-04-26T06:54:13,75,Sign-Qiao,GET,http://localhost:8080/scheme/vehicle/sign-qiao,200,20011,True,1,77,79.463,Qiao Sign success,
2026-04-26T06:54:13,76,Sign-Qiao,GET,http://localhost:8080/scheme/vehicle/sign-qiao,200,20011,True,1,72,73.511,Qiao Sign success,
2026-04-26T06:54:13,77,Sign-Qiao,GET,http://localhost:8080/scheme/vehicle/sign-qiao,200,20011,True,1,186,187.701,Qiao Sign success,
2026-04-26T06:54:13,78,Sign-Qiao,GET,http://localhost:8080/scheme/vehicle/sign-qiao,200,20011,True,1,99,100.887,Qiao Sign success,
2026-04-26T06:54:14,79,Sign-Qiao,GET,http://localhost:8080/scheme/vehicle/sign-qiao,200,20011,True,1,96,98.116,Qiao Sign success,
2026-04-26T06:54:14,80,Sign-Qiao,GET,http://localhost:8080/scheme/vehicle/sign-qiao,200,20011,True,1,71,72.968,Qiao Sign success,
2026-04-26T06:54:14,81,Sign-Qiao,GET,http://localhost:8080/scheme/vehicle/sign-qiao,200,20011,True,1,68,70.272,Qiao Sign success,
2026-04-26T06:54:14,82,Sign-Qiao,GET,http://localhost:8080/scheme/vehicle/sign-qiao,200,20011,True,1,98,99.844,Qiao Sign success,
2026-04-26T06:54:14,83,Sign-Qiao,GET,http://localhost:8080/scheme/vehicle/sign-qiao,200,20011,True,1,69,71.126,Qiao Sign success,
2026-04-26T06:54:14,84,Sign-Qiao,GET,http://localhost:8080/scheme/vehicle/sign-qiao,200,20011,True,1,79,80.756,Qiao Sign success,
2026-04-26T06:54:14,85,Sign-Qiao,GET,http://localhost:8080/scheme/vehicle/sign-qiao,200,20011,True,1,138,140.232,Qiao Sign success,
2026-04-26T06:54:14,86,Sign-Qiao,GET,http://localhost:8080/scheme/vehicle/sign-qiao,200,20011,True,1,100,101.83,Qiao Sign success,
2026-04-26T06:54:14,87,Sign-Qiao,GET,http://localhost:8080/scheme/vehicle/sign-qiao,200,20011,True,1,83,84.623,Qiao Sign success,
2026-04-26T06:54:14,88,Sign-Qiao,GET,http://localhost:8080/scheme/vehicle/sign-qiao,200,20011,True,1,139,140.687,Qiao Sign success,
2026-04-26T06:54:14,89,Sign-Qiao,GET,http://localhost:8080/scheme/vehicle/sign-qiao,200,20011,True,1,67,69.528,Qiao Sign success,
2026-04-26T06:54:15,90,Sign-Qiao,GET,http://localhost:8080/scheme/vehicle/sign-qiao,200,20011,True,1,68,70.045,Qiao Sign success,
2026-04-26T06:54:15,91,Sign-Qiao,GET,http://localhost:8080/scheme/vehicle/sign-qiao,200,20011,True,1,82,83.624,Qiao Sign success,
2026-04-26T06:54:15,92,Sign-Qiao,GET,http://localhost:8080/scheme/vehicle/sign-qiao,200,20011,True,1,85,87.248,Qiao Sign success,
2026-04-26T06:54:15,93,Sign-Qiao,GET,http://localhost:8080/scheme/vehicle/sign-qiao,200,20011,True,1,96,97.889,Qiao Sign success,
2026-04-26T06:54:15,94,Sign-Qiao,GET,http://localhost:8080/scheme/vehicle/sign-qiao,200,20011,True,1,97,99.37,Qiao Sign success,
2026-04-26T06:54:15,95,Sign-Qiao,GET,http://localhost:8080/scheme/vehicle/sign-qiao,200,20011,True,1,87,88.933,Qiao Sign success,
2026-04-26T06:54:15,96,Sign-Qiao,GET,http://localhost:8080/scheme/vehicle/sign-qiao,200,20011,True,1,88,89.793,Qiao Sign success,
2026-04-26T06:54:15,97,Sign-Qiao,GET,http://localhost:8080/scheme/vehicle/sign-qiao,200,20011,True,1,115,117.25,Qiao Sign success,
2026-04-26T06:54:15,98,Sign-Qiao,GET,http://localhost:8080/scheme/vehicle/sign-qiao,200,20011,True,1,77,79.135,Qiao Sign success,
2026-04-26T06:54:15,99,Sign-Qiao,GET,http://localhost:8080/scheme/vehicle/sign-qiao,200,20011,True,1,99,100.848,Qiao Sign success,
2026-04-26T06:54:15,100,Sign-Qiao,GET,http://localhost:8080/scheme/vehicle/sign-qiao,200,20011,True,1,89,91.539,Qiao Sign success,
2026-04-26T06:54:16,1,Verify-Qiao,POST,http://localhost:8080/scheme/vehicle/verify-qiao,200,20041,True,1,104,106.709,Qiao Verify success,
2026-04-26T06:54:16,2,Verify-Qiao,POST,http://localhost:8080/scheme/vehicle/verify-qiao,200,20041,True,1,96,97.974,Qiao Verify success,
2026-04-26T06:54:16,3,Verify-Qiao,POST,http://localhost:8080/scheme/vehicle/verify-qiao,200,20041,True,1,112,114.522,Qiao Verify success,
2026-04-26T06:54:16,4,Verify-Qiao,POST,http://localhost:8080/scheme/vehicle/verify-qiao,200,20041,True,1,104,106.342,Qiao Verify success,
2026-04-26T06:54:16,5,Verify-Qiao,POST,http://localhost:8080/scheme/vehicle/verify-qiao,200,20041,True,1,104,106.524,Qiao Verify success,
2026-04-26T06:54:16,6,Verify-Qiao,POST,http://localhost:8080/scheme/vehicle/verify-qiao,200,20041,True,1,96,98.35,Qiao Verify success,
2026-04-26T06:54:16,7,Verify-Qiao,POST,http://localhost:8080/scheme/vehicle/verify-qiao,200,20041,True,1,104,107.175,Qiao Verify success,
2026-04-26T06:54:16,8,Verify-Qiao,POST,http://localhost:8080/scheme/vehicle/verify-qiao,200,20041,True,1,134,136.768,Qiao Verify success,
2026-04-26T06:54:16,9,Verify-Qiao,POST,http://localhost:8080/scheme/vehicle/verify-qiao,200,20041,True,1,111,113.419,Qiao Verify success,
2026-04-26T06:54:17,10,Verify-Qiao,POST,http://localhost:8080/scheme/vehicle/verify-qiao,200,20041,True,1,107,109.831,Qiao Verify success,
2026-04-26T06:54:17,11,Verify-Qiao,POST,http://localhost:8080/scheme/vehicle/verify-qiao,200,20041,True,1,94,95.88,Qiao Verify success,
2026-04-26T06:54:17,12,Verify-Qiao,POST,http://localhost:8080/scheme/vehicle/verify-qiao,200,20041,True,1,92,94.151,Qiao Verify success,
2026-04-26T06:54:17,13,Verify-Qiao,POST,http://localhost:8080/scheme/vehicle/verify-qiao,200,20041,True,1,123,125.303,Qiao Verify success,
2026-04-26T06:54:17,14,Verify-Qiao,POST,http://localhost:8080/scheme/vehicle/verify-qiao,200,20041,True,1,91,92.988,Qiao Verify success,
2026-04-26T06:54:17,15,Verify-Qiao,POST,http://localhost:8080/scheme/vehicle/verify-qiao,200,20041,True,1,101,103.413,Qiao Verify success,
2026-04-26T06:54:17,16,Verify-Qiao,POST,http://localhost:8080/scheme/vehicle/verify-qiao,200,20041,True,1,153,155.22,Qiao Verify success,
2026-04-26T06:54:17,17,Verify-Qiao,POST,http://localhost:8080/scheme/vehicle/verify-qiao,200,20041,True,1,106,108.783,Qiao Verify success,
2026-04-26T06:54:17,18,Verify-Qiao,POST,http://localhost:8080/scheme/vehicle/verify-qiao,200,20041,True,1,120,122.575,Qiao Verify success,
2026-04-26T06:54:18,19,Verify-Qiao,POST,http://localhost:8080/scheme/vehicle/verify-qiao,200,20041,True,1,97,99.753,Qiao Verify success,
2026-04-26T06:54:18,20,Verify-Qiao,POST,http://localhost:8080/scheme/vehicle/verify-qiao,200,20041,True,1,96,98.223,Qiao Verify success,
2026-04-26T06:54:18,21,Verify-Qiao,POST,http://localhost:8080/scheme/vehicle/verify-qiao,200,20041,True,1,100,102.242,Qiao Verify success,
2026-04-26T06:54:18,22,Verify-Qiao,POST,http://localhost:8080/scheme/vehicle/verify-qiao,200,20041,True,1,183,185.463,Qiao Verify success,
2026-04-26T06:54:18,23,Verify-Qiao,POST,http://localhost:8080/scheme/vehicle/verify-qiao,200,20041,True,1,94,96.043,Qiao Verify success,
2026-04-26T06:54:18,24,Verify-Qiao,POST,http://localhost:8080/scheme/vehicle/verify-qiao,200,20041,True,1,154,156.328,Qiao Verify success,
2026-04-26T06:54:18,25,Verify-Qiao,POST,http://localhost:8080/scheme/vehicle/verify-qiao,200,20041,True,1,96,98.009,Qiao Verify success,
2026-04-26T06:54:18,26,Verify-Qiao,POST,http://localhost:8080/scheme/vehicle/verify-qiao,200,20041,True,1,92,93.687,Qiao Verify success,
2026-04-26T06:54:18,27,Verify-Qiao,POST,http://localhost:8080/scheme/vehicle/verify-qiao,200,20041,True,1,101,103.283,Qiao Verify success,
2026-04-26T06:54:19,28,Verify-Qiao,POST,http://localhost:8080/scheme/vehicle/verify-qiao,200,20041,True,1,94,95.632,Qiao Verify success,
2026-04-26T06:54:19,29,Verify-Qiao,POST,http://localhost:8080/scheme/vehicle/verify-qiao,200,20041,True,1,115,117.034,Qiao Verify success,
2026-04-26T06:54:19,30,Verify-Qiao,POST,http://localhost:8080/scheme/vehicle/verify-qiao,200,20041,True,1,95,96.884,Qiao Verify success,
2026-04-26T06:54:19,31,Verify-Qiao,POST,http://localhost:8080/scheme/vehicle/verify-qiao,200,20041,True,1,137,138.848,Qiao Verify success,
2026-04-26T06:54:19,32,Verify-Qiao,POST,http://localhost:8080/scheme/vehicle/verify-qiao,200,20041,True,1,93,94.989,Qiao Verify success,
2026-04-26T06:54:19,33,Verify-Qiao,POST,http://localhost:8080/scheme/vehicle/verify-qiao,200,20041,True,1,102,103.874,Qiao Verify success,
2026-04-26T06:54:19,34,Verify-Qiao,POST,http://localhost:8080/scheme/vehicle/verify-qiao,200,20041,True,1,98,99.924,Qiao Verify success,
2026-04-26T06:54:19,35,Verify-Qiao,POST,http://localhost:8080/scheme/vehicle/verify-qiao,200,20041,True,1,101,103.058,Qiao Verify success,
2026-04-26T06:54:19,36,Verify-Qiao,POST,http://localhost:8080/scheme/vehicle/verify-qiao,200,20041,True,1,130,132.738,Qiao Verify success,
2026-04-26T06:54:20,37,Verify-Qiao,POST,http://localhost:8080/scheme/vehicle/verify-qiao,200,20041,True,1,122,124.457,Qiao Verify success,
2026-04-26T06:54:20,38,Verify-Qiao,POST,http://localhost:8080/scheme/vehicle/verify-qiao,200,20041,True,1,108,110.544,Qiao Verify success,
2026-04-26T06:54:20,39,Verify-Qiao,POST,http://localhost:8080/scheme/vehicle/verify-qiao,200,20041,True,1,94,96.334,Qiao Verify success,
2026-04-26T06:54:20,40,Verify-Qiao,POST,http://localhost:8080/scheme/vehicle/verify-qiao,200,20041,True,1,118,120.235,Qiao Verify success,
2026-04-26T06:54:20,41,Verify-Qiao,POST,http://localhost:8080/scheme/vehicle/verify-qiao,200,20041,True,1,109,111.195,Qiao Verify success,
2026-04-26T06:54:20,42,Verify-Qiao,POST,http://localhost:8080/scheme/vehicle/verify-qiao,200,20041,True,1,99,100.72,Qiao Verify success,
2026-04-26T06:54:20,43,Verify-Qiao,POST,http://localhost:8080/scheme/vehicle/verify-qiao,200,20041,True,1,115,117.169,Qiao Verify success,
2026-04-26T06:54:20,44,Verify-Qiao,POST,http://localhost:8080/scheme/vehicle/verify-qiao,200,20041,True,1,113,115.547,Qiao Verify success,
2026-04-26T06:54:20,45,Verify-Qiao,POST,http://localhost:8080/scheme/vehicle/verify-qiao,200,20041,True,1,92,94.383,Qiao Verify success,
2026-04-26T06:54:21,46,Verify-Qiao,POST,http://localhost:8080/scheme/vehicle/verify-qiao,200,20041,True,1,110,112.186,Qiao Verify success,
2026-04-26T06:54:21,47,Verify-Qiao,POST,http://localhost:8080/scheme/vehicle/verify-qiao,200,20041,True,1,135,136.849,Qiao Verify success,
2026-04-26T06:54:21,48,Verify-Qiao,POST,http://localhost:8080/scheme/vehicle/verify-qiao,200,20041,True,1,160,162.24,Qiao Verify success,
2026-04-26T06:54:21,49,Verify-Qiao,POST,http://localhost:8080/scheme/vehicle/verify-qiao,200,20041,True,1,176,178.861,Qiao Verify success,
2026-04-26T06:54:21,50,Verify-Qiao,POST,http://localhost:8080/scheme/vehicle/verify-qiao,200,20041,True,1,95,97.079,Qiao Verify success,
2026-04-26T06:54:21,51,Verify-Qiao,POST,http://localhost:8080/scheme/vehicle/verify-qiao,200,20041,True,1,99,101.635,Qiao Verify success,
2026-04-26T06:54:21,52,Verify-Qiao,POST,http://localhost:8080/scheme/vehicle/verify-qiao,200,20041,True,1,98,99.834,Qiao Verify success,
2026-04-26T06:54:21,53,Verify-Qiao,POST,http://localhost:8080/scheme/vehicle/verify-qiao,200,20041,True,1,113,115.663,Qiao Verify success,
2026-04-26T06:54:22,54,Verify-Qiao,POST,http://localhost:8080/scheme/vehicle/verify-qiao,200,20041,True,1,101,103.358,Qiao Verify success,
2026-04-26T06:54:22,55,Verify-Qiao,POST,http://localhost:8080/scheme/vehicle/verify-qiao,200,20041,True,1,97,98.696,Qiao Verify success,
2026-04-26T06:54:22,56,Verify-Qiao,POST,http://localhost:8080/scheme/vehicle/verify-qiao,200,20041,True,1,94,96.598,Qiao Verify success,
2026-04-26T06:54:22,57,Verify-Qiao,POST,http://localhost:8080/scheme/vehicle/verify-qiao,200,20041,True,1,139,141.72,Qiao Verify success,
2026-04-26T06:54:22,58,Verify-Qiao,POST,http://localhost:8080/scheme/vehicle/verify-qiao,200,20041,True,1,102,104.497,Qiao Verify success,
2026-04-26T06:54:22,59,Verify-Qiao,POST,http://localhost:8080/scheme/vehicle/verify-qiao,200,20041,True,1,102,104.034,Qiao Verify success,
2026-04-26T06:54:22,60,Verify-Qiao,POST,http://localhost:8080/scheme/vehicle/verify-qiao,200,20041,True,1,109,111.684,Qiao Verify success,
2026-04-26T06:54:22,61,Verify-Qiao,POST,http://localhost:8080/scheme/vehicle/verify-qiao,200,20041,True,1,136,140.602,Qiao Verify success,
2026-04-26T06:54:23,62,Verify-Qiao,POST,http://localhost:8080/scheme/vehicle/verify-qiao,200,20041,True,1,173,175.789,Qiao Verify success,
2026-04-26T06:54:23,63,Verify-Qiao,POST,http://localhost:8080/scheme/vehicle/verify-qiao,200,20041,True,1,102,104.075,Qiao Verify success,
2026-04-26T06:54:23,64,Verify-Qiao,POST,http://localhost:8080/scheme/vehicle/verify-qiao,200,20041,True,1,90,92.331,Qiao Verify success,
2026-04-26T06:54:23,65,Verify-Qiao,POST,http://localhost:8080/scheme/vehicle/verify-qiao,200,20041,True,1,98,99.457,Qiao Verify success,
2026-04-26T06:54:23,66,Verify-Qiao,POST,http://localhost:8080/scheme/vehicle/verify-qiao,200,20041,True,1,127,129.172,Qiao Verify success,
2026-04-26T06:54:23,67,Verify-Qiao,POST,http://localhost:8080/scheme/vehicle/verify-qiao,200,20041,True,1,99,102.681,Qiao Verify success,
2026-04-26T06:54:23,68,Verify-Qiao,POST,http://localhost:8080/scheme/vehicle/verify-qiao,200,20041,True,1,104,106.369,Qiao Verify success,
2026-04-26T06:54:23,69,Verify-Qiao,POST,http://localhost:8080/scheme/vehicle/verify-qiao,200,20041,True,1,112,114.617,Qiao Verify success,
2026-04-26T06:54:23,70,Verify-Qiao,POST,http://localhost:8080/scheme/vehicle/verify-qiao,200,20041,True,1,142,144.476,Qiao Verify success,
2026-04-26T06:54:24,71,Verify-Qiao,POST,http://localhost:8080/scheme/vehicle/verify-qiao,200,20041,True,1,102,105.067,Qiao Verify success,
2026-04-26T06:54:24,72,Verify-Qiao,POST,http://localhost:8080/scheme/vehicle/verify-qiao,200,20041,True,1,115,117.742,Qiao Verify success,
2026-04-26T06:54:24,73,Verify-Qiao,POST,http://localhost:8080/scheme/vehicle/verify-qiao,200,20041,True,1,129,131.47,Qiao Verify success,
2026-04-26T06:54:24,74,Verify-Qiao,POST,http://localhost:8080/scheme/vehicle/verify-qiao,200,20041,True,1,115,117.732,Qiao Verify success,
2026-04-26T06:54:24,75,Verify-Qiao,POST,http://localhost:8080/scheme/vehicle/verify-qiao,200,20041,True,1,100,102.106,Qiao Verify success,
2026-04-26T06:54:24,76,Verify-Qiao,POST,http://localhost:8080/scheme/vehicle/verify-qiao,200,20041,True,1,95,97.655,Qiao Verify success,
2026-04-26T06:54:24,77,Verify-Qiao,POST,http://localhost:8080/scheme/vehicle/verify-qiao,200,20041,True,1,137,139.224,Qiao Verify success,
2026-04-26T06:54:24,78,Verify-Qiao,POST,http://localhost:8080/scheme/vehicle/verify-qiao,200,20041,True,1,109,111.657,Qiao Verify success,
2026-04-26T06:54:25,79,Verify-Qiao,POST,http://localhost:8080/scheme/vehicle/verify-qiao,200,20041,True,1,127,129.593,Qiao Verify success,
2026-04-26T06:54:25,80,Verify-Qiao,POST,http://localhost:8080/scheme/vehicle/verify-qiao,200,20041,True,1,157,159.577,Qiao Verify success,
2026-04-26T06:54:25,81,Verify-Qiao,POST,http://localhost:8080/scheme/vehicle/verify-qiao,200,20041,True,1,135,137.537,Qiao Verify success,
2026-04-26T06:54:25,82,Verify-Qiao,POST,http://localhost:8080/scheme/vehicle/verify-qiao,200,20041,True,1,96,98.848,Qiao Verify success,
2026-04-26T06:54:25,83,Verify-Qiao,POST,http://localhost:8080/scheme/vehicle/verify-qiao,200,20041,True,1,151,153.061,Qiao Verify success,
2026-04-26T06:54:25,84,Verify-Qiao,POST,http://localhost:8080/scheme/vehicle/verify-qiao,200,20041,True,1,134,137.144,Qiao Verify success,
2026-04-26T06:54:25,85,Verify-Qiao,POST,http://localhost:8080/scheme/vehicle/verify-qiao,200,20041,True,1,101,103.949,Qiao Verify success,
2026-04-26T06:54:25,86,Verify-Qiao,POST,http://localhost:8080/scheme/vehicle/verify-qiao,200,20041,True,1,95,97.78,Qiao Verify success,
2026-04-26T06:54:26,87,Verify-Qiao,POST,http://localhost:8080/scheme/vehicle/verify-qiao,200,20041,True,1,109,111.093,Qiao Verify success,
2026-04-26T06:54:26,88,Verify-Qiao,POST,http://localhost:8080/scheme/vehicle/verify-qiao,200,20041,True,1,93,94.736,Qiao Verify success,
2026-04-26T06:54:26,89,Verify-Qiao,POST,http://localhost:8080/scheme/vehicle/verify-qiao,200,20041,True,1,135,137.401,Qiao Verify success,
2026-04-26T06:54:26,90,Verify-Qiao,POST,http://localhost:8080/scheme/vehicle/verify-qiao,200,20041,True,1,181,183.848,Qiao Verify success,
2026-04-26T06:54:26,91,Verify-Qiao,POST,http://localhost:8080/scheme/vehicle/verify-qiao,200,20041,True,1,100,102.022,Qiao Verify success,
2026-04-26T06:54:26,92,Verify-Qiao,POST,http://localhost:8080/scheme/vehicle/verify-qiao,200,20041,True,1,100,101.986,Qiao Verify success,
2026-04-26T06:54:26,93,Verify-Qiao,POST,http://localhost:8080/scheme/vehicle/verify-qiao,200,20041,True,1,103,105.625,Qiao Verify success,
2026-04-26T06:54:26,94,Verify-Qiao,POST,http://localhost:8080/scheme/vehicle/verify-qiao,200,20041,True,1,124,126.511,Qiao Verify success,
2026-04-26T06:54:26,95,Verify-Qiao,POST,http://localhost:8080/scheme/vehicle/verify-qiao,200,20041,True,1,101,103.318,Qiao Verify success,
2026-04-26T06:54:27,96,Verify-Qiao,POST,http://localhost:8080/scheme/vehicle/verify-qiao,200,20041,True,1,102,104.511,Qiao Verify success,
2026-04-26T06:54:27,97,Verify-Qiao,POST,http://localhost:8080/scheme/vehicle/verify-qiao,200,20041,True,1,98,99.92,Qiao Verify success,
2026-04-26T06:54:27,98,Verify-Qiao,POST,http://localhost:8080/scheme/vehicle/verify-qiao,200,20041,True,1,135,137.746,Qiao Verify success,
2026-04-26T06:54:27,99,Verify-Qiao,POST,http://localhost:8080/scheme/vehicle/verify-qiao,200,20041,True,1,105,107.879,Qiao Verify success,
2026-04-26T06:54:27,100,Verify-Qiao,POST,http://localhost:8080/scheme/vehicle/verify-qiao,200,20041,True,1,111,112.876,Qiao Verify success,
2026-04-26T06:54:27,1,Sign-DSH,GET,http://localhost:8080/scheme/vehicle/sign-dsh,200,20011,True,1,128,130.493,CBAS-DSH Sign success,
2026-04-26T06:54:27,2,Sign-DSH,GET,http://localhost:8080/scheme/vehicle/sign-dsh,200,20011,True,1,165,166.996,CBAS-DSH Sign success,
2026-04-26T06:54:27,3,Sign-DSH,GET,http://localhost:8080/scheme/vehicle/sign-dsh,200,20011,True,1,114,116.148,CBAS-DSH Sign success,
2026-04-26T06:54:28,4,Sign-DSH,GET,http://localhost:8080/scheme/vehicle/sign-dsh,200,20011,True,1,89,91.058,CBAS-DSH Sign success,
2026-04-26T06:54:28,5,Sign-DSH,GET,http://localhost:8080/scheme/vehicle/sign-dsh,200,20011,True,1,124,126.659,CBAS-DSH Sign success,
2026-04-26T06:54:28,6,Sign-DSH,GET,http://localhost:8080/scheme/vehicle/sign-dsh,200,20011,True,1,111,113.028,CBAS-DSH Sign success,
2026-04-26T06:54:28,7,Sign-DSH,GET,http://localhost:8080/scheme/vehicle/sign-dsh,200,20011,True,1,136,138.077,CBAS-DSH Sign success,
2026-04-26T06:54:28,8,Sign-DSH,GET,http://localhost:8080/scheme/vehicle/sign-dsh,200,20011,True,1,92,93.475,CBAS-DSH Sign success,
2026-04-26T06:54:28,9,Sign-DSH,GET,http://localhost:8080/scheme/vehicle/sign-dsh,200,20011,True,1,93,94.745,CBAS-DSH Sign success,
2026-04-26T06:54:28,10,Sign-DSH,GET,http://localhost:8080/scheme/vehicle/sign-dsh,200,20011,True,1,109,111.245,CBAS-DSH Sign success,
2026-04-26T06:54:28,11,Sign-DSH,GET,http://localhost:8080/scheme/vehicle/sign-dsh,200,20011,True,1,92,94.241,CBAS-DSH Sign success,
2026-04-26T06:54:28,12,Sign-DSH,GET,http://localhost:8080/scheme/vehicle/sign-dsh,200,20011,True,1,92,93.884,CBAS-DSH Sign success,
2026-04-26T06:54:29,13,Sign-DSH,GET,http://localhost:8080/scheme/vehicle/sign-dsh,200,20011,True,1,110,112.268,CBAS-DSH Sign success,
2026-04-26T06:54:29,14,Sign-DSH,GET,http://localhost:8080/scheme/vehicle/sign-dsh,200,20011,True,1,85,87.41,CBAS-DSH Sign success,
2026-04-26T06:54:29,15,Sign-DSH,GET,http://localhost:8080/scheme/vehicle/sign-dsh,200,20011,True,1,83,85.419,CBAS-DSH Sign success,
2026-04-26T06:54:29,16,Sign-DSH,GET,http://localhost:8080/scheme/vehicle/sign-dsh,200,20011,True,1,91,92.799,CBAS-DSH Sign success,
2026-04-26T06:54:29,17,Sign-DSH,GET,http://localhost:8080/scheme/vehicle/sign-dsh,200,20011,True,1,92,93.725,CBAS-DSH Sign success,
2026-04-26T06:54:29,18,Sign-DSH,GET,http://localhost:8080/scheme/vehicle/sign-dsh,200,20011,True,1,95,96.637,CBAS-DSH Sign success,
2026-04-26T06:54:29,19,Sign-DSH,GET,http://localhost:8080/scheme/vehicle/sign-dsh,200,20011,True,1,119,121.333,CBAS-DSH Sign success,
2026-04-26T06:54:29,20,Sign-DSH,GET,http://localhost:8080/scheme/vehicle/sign-dsh,200,20011,True,1,93,95.655,CBAS-DSH Sign success,
2026-04-26T06:54:29,21,Sign-DSH,GET,http://localhost:8080/scheme/vehicle/sign-dsh,200,20011,True,1,90,91.792,CBAS-DSH Sign success,
2026-04-26T06:54:29,22,Sign-DSH,GET,http://localhost:8080/scheme/vehicle/sign-dsh,200,20011,True,1,118,120.067,CBAS-DSH Sign success,
2026-04-26T06:54:30,23,Sign-DSH,GET,http://localhost:8080/scheme/vehicle/sign-dsh,200,20011,True,1,125,126.636,CBAS-DSH Sign success,
2026-04-26T06:54:30,24,Sign-DSH,GET,http://localhost:8080/scheme/vehicle/sign-dsh,200,20011,True,1,97,99.031,CBAS-DSH Sign success,
2026-04-26T06:54:30,25,Sign-DSH,GET,http://localhost:8080/scheme/vehicle/sign-dsh,200,20011,True,1,84,88.272,CBAS-DSH Sign success,
2026-04-26T06:54:30,26,Sign-DSH,GET,http://localhost:8080/scheme/vehicle/sign-dsh,200,20011,True,1,108,109.779,CBAS-DSH Sign success,
2026-04-26T06:54:30,27,Sign-DSH,GET,http://localhost:8080/scheme/vehicle/sign-dsh,200,20011,True,1,121,122.419,CBAS-DSH Sign success,
2026-04-26T06:54:30,28,Sign-DSH,GET,http://localhost:8080/scheme/vehicle/sign-dsh,200,20011,True,1,85,90.821,CBAS-DSH Sign success,
2026-04-26T06:54:30,29,Sign-DSH,GET,http://localhost:8080/scheme/vehicle/sign-dsh,200,20011,True,1,88,89.84,CBAS-DSH Sign success,
2026-04-26T06:54:30,30,Sign-DSH,GET,http://localhost:8080/scheme/vehicle/sign-dsh,200,20011,True,1,96,97.639,CBAS-DSH Sign success,
2026-04-26T06:54:30,31,Sign-DSH,GET,http://localhost:8080/scheme/vehicle/sign-dsh,200,20011,True,1,97,99.089,CBAS-DSH Sign success,
2026-04-26T06:54:30,32,Sign-DSH,GET,http://localhost:8080/scheme/vehicle/sign-dsh,200,20011,True,1,81,83.176,CBAS-DSH Sign success,
2026-04-26T06:54:30,33,Sign-DSH,GET,http://localhost:8080/scheme/vehicle/sign-dsh,200,20011,True,1,87,88.771,CBAS-DSH Sign success,
2026-04-26T06:54:31,34,Sign-DSH,GET,http://localhost:8080/scheme/vehicle/sign-dsh,200,20011,True,1,88,90.182,CBAS-DSH Sign success,
2026-04-26T06:54:31,35,Sign-DSH,GET,http://localhost:8080/scheme/vehicle/sign-dsh,200,20011,True,1,90,91.492,CBAS-DSH Sign success,
2026-04-26T06:54:31,36,Sign-DSH,GET,http://localhost:8080/scheme/vehicle/sign-dsh,200,20011,True,1,96,98.244,CBAS-DSH Sign success,
2026-04-26T06:54:31,37,Sign-DSH,GET,http://localhost:8080/scheme/vehicle/sign-dsh,200,20011,True,1,100,101.637,CBAS-DSH Sign success,
2026-04-26T06:54:31,38,Sign-DSH,GET,http://localhost:8080/scheme/vehicle/sign-dsh,200,20011,True,1,100,102.865,CBAS-DSH Sign success,
2026-04-26T06:54:31,39,Sign-DSH,GET,http://localhost:8080/scheme/vehicle/sign-dsh,200,20011,True,1,105,106.96,CBAS-DSH Sign success,
2026-04-26T06:54:31,40,Sign-DSH,GET,http://localhost:8080/scheme/vehicle/sign-dsh,200,20011,True,1,84,86.466,CBAS-DSH Sign success,
2026-04-26T06:54:31,41,Sign-DSH,GET,http://localhost:8080/scheme/vehicle/sign-dsh,200,20011,True,1,86,87.948,CBAS-DSH Sign success,
2026-04-26T06:54:31,42,Sign-DSH,GET,http://localhost:8080/scheme/vehicle/sign-dsh,200,20011,True,1,108,110.162,CBAS-DSH Sign success,
2026-04-26T06:54:31,43,Sign-DSH,GET,http://localhost:8080/scheme/vehicle/sign-dsh,200,20011,True,1,118,120.401,CBAS-DSH Sign success,
2026-04-26T06:54:32,44,Sign-DSH,GET,http://localhost:8080/scheme/vehicle/sign-dsh,200,20011,True,1,81,82.676,CBAS-DSH Sign success,
2026-04-26T06:54:32,45,Sign-DSH,GET,http://localhost:8080/scheme/vehicle/sign-dsh,200,20011,True,1,92,94.343,CBAS-DSH Sign success,
2026-04-26T06:54:32,46,Sign-DSH,GET,http://localhost:8080/scheme/vehicle/sign-dsh,200,20011,True,1,98,99.779,CBAS-DSH Sign success,
2026-04-26T06:54:32,47,Sign-DSH,GET,http://localhost:8080/scheme/vehicle/sign-dsh,200,20011,True,1,112,113.715,CBAS-DSH Sign success,
2026-04-26T06:54:32,48,Sign-DSH,GET,http://localhost:8080/scheme/vehicle/sign-dsh,200,20011,True,1,95,96.658,CBAS-DSH Sign success,
2026-04-26T06:54:32,49,Sign-DSH,GET,http://localhost:8080/scheme/vehicle/sign-dsh,200,20011,True,1,98,100.365,CBAS-DSH Sign success,
2026-04-26T06:54:32,50,Sign-DSH,GET,http://localhost:8080/scheme/vehicle/sign-dsh,200,20011,True,1,98,100.326,CBAS-DSH Sign success,
2026-04-26T06:54:32,51,Sign-DSH,GET,http://localhost:8080/scheme/vehicle/sign-dsh,200,20011,True,1,137,139.745,CBAS-DSH Sign success,
2026-04-26T06:54:32,52,Sign-DSH,GET,http://localhost:8080/scheme/vehicle/sign-dsh,200,20011,True,1,85,87.091,CBAS-DSH Sign success,
2026-04-26T06:54:32,53,Sign-DSH,GET,http://localhost:8080/scheme/vehicle/sign-dsh,200,20011,True,1,88,90.463,CBAS-DSH Sign success,
2026-04-26T06:54:33,54,Sign-DSH,GET,http://localhost:8080/scheme/vehicle/sign-dsh,200,20011,True,1,123,124.948,CBAS-DSH Sign success,
2026-04-26T06:54:33,55,Sign-DSH,GET,http://localhost:8080/scheme/vehicle/sign-dsh,200,20011,True,1,87,88.653,CBAS-DSH Sign success,
2026-04-26T06:54:33,56,Sign-DSH,GET,http://localhost:8080/scheme/vehicle/sign-dsh,200,20011,True,1,103,104.74,CBAS-DSH Sign success,
2026-04-26T06:54:33,57,Sign-DSH,GET,http://localhost:8080/scheme/vehicle/sign-dsh,200,20011,True,1,90,91.968,CBAS-DSH Sign success,
2026-04-26T06:54:33,58,Sign-DSH,GET,http://localhost:8080/scheme/vehicle/sign-dsh,200,20011,True,1,111,112.6,CBAS-DSH Sign success,
2026-04-26T06:54:33,59,Sign-DSH,GET,http://localhost:8080/scheme/vehicle/sign-dsh,200,20011,True,1,114,116.851,CBAS-DSH Sign success,
2026-04-26T06:54:33,60,Sign-DSH,GET,http://localhost:8080/scheme/vehicle/sign-dsh,200,20011,True,1,87,89.221,CBAS-DSH Sign success,
2026-04-26T06:54:33,61,Sign-DSH,GET,http://localhost:8080/scheme/vehicle/sign-dsh,200,20011,True,1,88,91.581,CBAS-DSH Sign success,
2026-04-26T06:54:33,62,Sign-DSH,GET,http://localhost:8080/scheme/vehicle/sign-dsh,200,20011,True,1,83,85.069,CBAS-DSH Sign success,
2026-04-26T06:54:34,63,Sign-DSH,GET,http://localhost:8080/scheme/vehicle/sign-dsh,200,20011,True,1,98,100.271,CBAS-DSH Sign success,
2026-04-26T06:54:34,64,Sign-DSH,GET,http://localhost:8080/scheme/vehicle/sign-dsh,200,20011,True,1,106,108.212,CBAS-DSH Sign success,
2026-04-26T06:54:34,65,Sign-DSH,GET,http://localhost:8080/scheme/vehicle/sign-dsh,200,20011,True,1,89,91.077,CBAS-DSH Sign success,
2026-04-26T06:54:34,66,Sign-DSH,GET,http://localhost:8080/scheme/vehicle/sign-dsh,200,20011,True,1,87,89.297,CBAS-DSH Sign success,
2026-04-26T06:54:34,67,Sign-DSH,GET,http://localhost:8080/scheme/vehicle/sign-dsh,200,20011,True,1,101,103.286,CBAS-DSH Sign success,
2026-04-26T06:54:34,68,Sign-DSH,GET,http://localhost:8080/scheme/vehicle/sign-dsh,200,20011,True,1,95,97.963,CBAS-DSH Sign success,
2026-04-26T06:54:34,69,Sign-DSH,GET,http://localhost:8080/scheme/vehicle/sign-dsh,200,20011,True,1,99,101.717,CBAS-DSH Sign success,
2026-04-26T06:54:34,70,Sign-DSH,GET,http://localhost:8080/scheme/vehicle/sign-dsh,200,20011,True,1,89,92.2,CBAS-DSH Sign success,
2026-04-26T06:54:34,71,Sign-DSH,GET,http://localhost:8080/scheme/vehicle/sign-dsh,200,20011,True,1,94,96.058,CBAS-DSH Sign success,
2026-04-26T06:54:34,72,Sign-DSH,GET,http://localhost:8080/scheme/vehicle/sign-dsh,200,20011,True,1,103,104.768,CBAS-DSH Sign success,
2026-04-26T06:54:35,73,Sign-DSH,GET,http://localhost:8080/scheme/vehicle/sign-dsh,200,20011,True,1,158,160.177,CBAS-DSH Sign success,
2026-04-26T06:54:35,74,Sign-DSH,GET,http://localhost:8080/scheme/vehicle/sign-dsh,200,20011,True,1,88,89.815,CBAS-DSH Sign success,
2026-04-26T06:54:35,75,Sign-DSH,GET,http://localhost:8080/scheme/vehicle/sign-dsh,200,20011,True,1,102,103.872,CBAS-DSH Sign success,
2026-04-26T06:54:35,76,Sign-DSH,GET,http://localhost:8080/scheme/vehicle/sign-dsh,200,20011,True,1,142,143.533,CBAS-DSH Sign success,
2026-04-26T06:54:35,77,Sign-DSH,GET,http://localhost:8080/scheme/vehicle/sign-dsh,200,20011,True,1,107,109.112,CBAS-DSH Sign success,
2026-04-26T06:54:35,78,Sign-DSH,GET,http://localhost:8080/scheme/vehicle/sign-dsh,200,20011,True,1,95,97.969,CBAS-DSH Sign success,
2026-04-26T06:54:35,79,Sign-DSH,GET,http://localhost:8080/scheme/vehicle/sign-dsh,200,20011,True,1,91,92.793,CBAS-DSH Sign success,
2026-04-26T06:54:35,80,Sign-DSH,GET,http://localhost:8080/scheme/vehicle/sign-dsh,200,20011,True,1,105,106.802,CBAS-DSH Sign success,
2026-04-26T06:54:35,81,Sign-DSH,GET,http://localhost:8080/scheme/vehicle/sign-dsh,200,20011,True,1,84,86.027,CBAS-DSH Sign success,
2026-04-26T06:54:35,82,Sign-DSH,GET,http://localhost:8080/scheme/vehicle/sign-dsh,200,20011,True,1,114,115.427,CBAS-DSH Sign success,
2026-04-26T06:54:36,83,Sign-DSH,GET,http://localhost:8080/scheme/vehicle/sign-dsh,200,20011,True,1,83,85.228,CBAS-DSH Sign success,
2026-04-26T06:54:36,84,Sign-DSH,GET,http://localhost:8080/scheme/vehicle/sign-dsh,200,20011,True,1,97,99.096,CBAS-DSH Sign success,
2026-04-26T06:54:36,85,Sign-DSH,GET,http://localhost:8080/scheme/vehicle/sign-dsh,200,20011,True,1,96,97.629,CBAS-DSH Sign success,
2026-04-26T06:54:36,86,Sign-DSH,GET,http://localhost:8080/scheme/vehicle/sign-dsh,200,20011,True,1,85,86.348,CBAS-DSH Sign success,
2026-04-26T06:54:36,87,Sign-DSH,GET,http://localhost:8080/scheme/vehicle/sign-dsh,200,20011,True,1,164,166.255,CBAS-DSH Sign success,
2026-04-26T06:54:36,88,Sign-DSH,GET,http://localhost:8080/scheme/vehicle/sign-dsh,200,20011,True,1,84,86.729,CBAS-DSH Sign success,
2026-04-26T06:54:36,89,Sign-DSH,GET,http://localhost:8080/scheme/vehicle/sign-dsh,200,20011,True,1,144,145.806,CBAS-DSH Sign success,
2026-04-26T06:54:36,90,Sign-DSH,GET,http://localhost:8080/scheme/vehicle/sign-dsh,200,20011,True,1,93,95.499,CBAS-DSH Sign success,
2026-04-26T06:54:36,91,Sign-DSH,GET,http://localhost:8080/scheme/vehicle/sign-dsh,200,20011,True,1,94,95.834,CBAS-DSH Sign success,
2026-04-26T06:54:37,92,Sign-DSH,GET,http://localhost:8080/scheme/vehicle/sign-dsh,200,20011,True,1,93,97.532,CBAS-DSH Sign success,
2026-04-26T06:54:37,93,Sign-DSH,GET,http://localhost:8080/scheme/vehicle/sign-dsh,200,20011,True,1,103,105.258,CBAS-DSH Sign success,
2026-04-26T06:54:37,94,Sign-DSH,GET,http://localhost:8080/scheme/vehicle/sign-dsh,200,20011,True,1,92,93.543,CBAS-DSH Sign success,
2026-04-26T06:54:37,95,Sign-DSH,GET,http://localhost:8080/scheme/vehicle/sign-dsh,200,20011,True,1,95,96.515,CBAS-DSH Sign success,
2026-04-26T06:54:37,96,Sign-DSH,GET,http://localhost:8080/scheme/vehicle/sign-dsh,200,20011,True,1,90,91.93,CBAS-DSH Sign success,
2026-04-26T06:54:37,97,Sign-DSH,GET,http://localhost:8080/scheme/vehicle/sign-dsh,200,20011,True,1,88,90.656,CBAS-DSH Sign success,
2026-04-26T06:54:37,98,Sign-DSH,GET,http://localhost:8080/scheme/vehicle/sign-dsh,200,20011,True,1,92,93.913,CBAS-DSH Sign success,
2026-04-26T06:54:37,99,Sign-DSH,GET,http://localhost:8080/scheme/vehicle/sign-dsh,200,20011,True,1,136,137.529,CBAS-DSH Sign success,
2026-04-26T06:54:37,100,Sign-DSH,GET,http://localhost:8080/scheme/vehicle/sign-dsh,200,20011,True,1,83,84.913,CBAS-DSH Sign success,
2026-04-26T06:54:38,1,Verify-DSH,POST,http://localhost:8080/scheme/vehicle/verify-dsh,200,20041,True,1,155,157.836,CBAS-DSH Verify success,
2026-04-26T06:54:38,2,Verify-DSH,POST,http://localhost:8080/scheme/vehicle/verify-dsh,200,20041,True,1,109,111.659,CBAS-DSH Verify success,
2026-04-26T06:54:38,3,Verify-DSH,POST,http://localhost:8080/scheme/vehicle/verify-dsh,200,20041,True,1,111,112.67,CBAS-DSH Verify success,
2026-04-26T06:54:38,4,Verify-DSH,POST,http://localhost:8080/scheme/vehicle/verify-dsh,200,20041,True,1,164,166.647,CBAS-DSH Verify success,
2026-04-26T06:54:38,5,Verify-DSH,POST,http://localhost:8080/scheme/vehicle/verify-dsh,200,20041,True,1,145,147.977,CBAS-DSH Verify success,
2026-04-26T06:54:38,6,Verify-DSH,POST,http://localhost:8080/scheme/vehicle/verify-dsh,200,20041,True,1,178,180.528,CBAS-DSH Verify success,
2026-04-26T06:54:38,7,Verify-DSH,POST,http://localhost:8080/scheme/vehicle/verify-dsh,200,20041,True,1,107,109.203,CBAS-DSH Verify success,
2026-04-26T06:54:38,8,Verify-DSH,POST,http://localhost:8080/scheme/vehicle/verify-dsh,200,20041,True,1,133,135.764,CBAS-DSH Verify success,
2026-04-26T06:54:39,9,Verify-DSH,POST,http://localhost:8080/scheme/vehicle/verify-dsh,200,20041,True,1,106,108.954,CBAS-DSH Verify success,
2026-04-26T06:54:39,10,Verify-DSH,POST,http://localhost:8080/scheme/vehicle/verify-dsh,200,20041,True,1,275,277.049,CBAS-DSH Verify success,
2026-04-26T06:54:39,11,Verify-DSH,POST,http://localhost:8080/scheme/vehicle/verify-dsh,200,20041,True,1,151,153.213,CBAS-DSH Verify success,
2026-04-26T06:54:39,12,Verify-DSH,POST,http://localhost:8080/scheme/vehicle/verify-dsh,200,20041,True,1,116,119.626,CBAS-DSH Verify success,
2026-04-26T06:54:39,13,Verify-DSH,POST,http://localhost:8080/scheme/vehicle/verify-dsh,200,20041,True,1,117,120.178,CBAS-DSH Verify success,
2026-04-26T06:54:39,14,Verify-DSH,POST,http://localhost:8080/scheme/vehicle/verify-dsh,200,20041,True,1,134,141.445,CBAS-DSH Verify success,
2026-04-26T06:54:40,15,Verify-DSH,POST,http://localhost:8080/scheme/vehicle/verify-dsh,200,20041,True,1,124,126.202,CBAS-DSH Verify success,
2026-04-26T06:54:40,16,Verify-DSH,POST,http://localhost:8080/scheme/vehicle/verify-dsh,200,20041,True,1,108,110.096,CBAS-DSH Verify success,
2026-04-26T06:54:40,17,Verify-DSH,POST,http://localhost:8080/scheme/vehicle/verify-dsh,200,20041,True,1,108,110.634,CBAS-DSH Verify success,
2026-04-26T06:54:40,18,Verify-DSH,POST,http://localhost:8080/scheme/vehicle/verify-dsh,200,20041,True,1,121,123.175,CBAS-DSH Verify success,
2026-04-26T06:54:40,19,Verify-DSH,POST,http://localhost:8080/scheme/vehicle/verify-dsh,200,20041,True,1,133,135.372,CBAS-DSH Verify success,
2026-04-26T06:54:40,20,Verify-DSH,POST,http://localhost:8080/scheme/vehicle/verify-dsh,200,20041,True,1,106,109.748,CBAS-DSH Verify success,
2026-04-26T06:54:40,21,Verify-DSH,POST,http://localhost:8080/scheme/vehicle/verify-dsh,200,20041,True,1,160,162.652,CBAS-DSH Verify success,
2026-04-26T06:54:40,22,Verify-DSH,POST,http://localhost:8080/scheme/vehicle/verify-dsh,200,20041,True,1,127,129.586,CBAS-DSH Verify success,
2026-04-26T06:54:41,23,Verify-DSH,POST,http://localhost:8080/scheme/vehicle/verify-dsh,200,20041,True,1,132,134.672,CBAS-DSH Verify success,
2026-04-26T06:54:41,24,Verify-DSH,POST,http://localhost:8080/scheme/vehicle/verify-dsh,200,20041,True,1,122,124.958,CBAS-DSH Verify success,
2026-04-26T06:54:41,25,Verify-DSH,POST,http://localhost:8080/scheme/vehicle/verify-dsh,200,20041,True,1,115,116.995,CBAS-DSH Verify success,
2026-04-26T06:54:41,26,Verify-DSH,POST,http://localhost:8080/scheme/vehicle/verify-dsh,200,20041,True,1,120,121.853,CBAS-DSH Verify success,
2026-04-26T06:54:41,27,Verify-DSH,POST,http://localhost:8080/scheme/vehicle/verify-dsh,200,20041,True,1,125,127.624,CBAS-DSH Verify success,
2026-04-26T06:54:41,28,Verify-DSH,POST,http://localhost:8080/scheme/vehicle/verify-dsh,200,20041,True,1,113,114.804,CBAS-DSH Verify success,
2026-04-26T06:54:41,29,Verify-DSH,POST,http://localhost:8080/scheme/vehicle/verify-dsh,200,20041,True,1,111,112.469,CBAS-DSH Verify success,
2026-04-26T06:54:41,30,Verify-DSH,POST,http://localhost:8080/scheme/vehicle/verify-dsh,200,20041,True,1,140,142.123,CBAS-DSH Verify success,
2026-04-26T06:54:42,31,Verify-DSH,POST,http://localhost:8080/scheme/vehicle/verify-dsh,200,20041,True,1,119,121.017,CBAS-DSH Verify success,
2026-04-26T06:54:42,32,Verify-DSH,POST,http://localhost:8080/scheme/vehicle/verify-dsh,200,20041,True,1,120,121.753,CBAS-DSH Verify success,
2026-04-26T06:54:42,33,Verify-DSH,POST,http://localhost:8080/scheme/vehicle/verify-dsh,200,20041,True,1,114,116.115,CBAS-DSH Verify success,
2026-04-26T06:54:42,34,Verify-DSH,POST,http://localhost:8080/scheme/vehicle/verify-dsh,200,20041,True,1,112,113.883,CBAS-DSH Verify success,
2026-04-26T06:54:42,35,Verify-DSH,POST,http://localhost:8080/scheme/vehicle/verify-dsh,200,20041,True,1,121,123.831,CBAS-DSH Verify success,
2026-04-26T06:54:42,36,Verify-DSH,POST,http://localhost:8080/scheme/vehicle/verify-dsh,200,20041,True,1,115,117.701,CBAS-DSH Verify success,
2026-04-26T06:54:42,37,Verify-DSH,POST,http://localhost:8080/scheme/vehicle/verify-dsh,200,20041,True,1,131,132.888,CBAS-DSH Verify success,
2026-04-26T06:54:42,38,Verify-DSH,POST,http://localhost:8080/scheme/vehicle/verify-dsh,200,20041,True,1,179,181.733,CBAS-DSH Verify success,
2026-04-26T06:54:43,39,Verify-DSH,POST,http://localhost:8080/scheme/vehicle/verify-dsh,200,20041,True,1,106,108.347,CBAS-DSH Verify success,
2026-04-26T06:54:43,40,Verify-DSH,POST,http://localhost:8080/scheme/vehicle/verify-dsh,200,20041,True,1,146,148.547,CBAS-DSH Verify success,
2026-04-26T06:54:43,41,Verify-DSH,POST,http://localhost:8080/scheme/vehicle/verify-dsh,200,20041,True,1,107,108.932,CBAS-DSH Verify success,
2026-04-26T06:54:43,42,Verify-DSH,POST,http://localhost:8080/scheme/vehicle/verify-dsh,200,20041,True,1,105,106.843,CBAS-DSH Verify success,
2026-04-26T06:54:43,43,Verify-DSH,POST,http://localhost:8080/scheme/vehicle/verify-dsh,200,20041,True,1,122,124.281,CBAS-DSH Verify success,
2026-04-26T06:54:43,44,Verify-DSH,POST,http://localhost:8080/scheme/vehicle/verify-dsh,200,20041,True,1,129,130.805,CBAS-DSH Verify success,
2026-04-26T06:54:43,45,Verify-DSH,POST,http://localhost:8080/scheme/vehicle/verify-dsh,200,20041,True,1,114,116.307,CBAS-DSH Verify success,
2026-04-26T06:54:43,46,Verify-DSH,POST,http://localhost:8080/scheme/vehicle/verify-dsh,200,20041,True,1,118,120.134,CBAS-DSH Verify success,
2026-04-26T06:54:44,47,Verify-DSH,POST,http://localhost:8080/scheme/vehicle/verify-dsh,200,20041,True,1,123,125.317,CBAS-DSH Verify success,
2026-04-26T06:54:44,48,Verify-DSH,POST,http://localhost:8080/scheme/vehicle/verify-dsh,200,20041,True,1,122,124.798,CBAS-DSH Verify success,
2026-04-26T06:54:44,49,Verify-DSH,POST,http://localhost:8080/scheme/vehicle/verify-dsh,200,20041,True,1,110,112.741,CBAS-DSH Verify success,
2026-04-26T06:54:44,50,Verify-DSH,POST,http://localhost:8080/scheme/vehicle/verify-dsh,200,20041,True,1,109,112.287,CBAS-DSH Verify success,
2026-04-26T06:54:44,51,Verify-DSH,POST,http://localhost:8080/scheme/vehicle/verify-dsh,200,20041,True,1,108,110.251,CBAS-DSH Verify success,
2026-04-26T06:54:44,52,Verify-DSH,POST,http://localhost:8080/scheme/vehicle/verify-dsh,200,20041,True,1,114,116.211,CBAS-DSH Verify success,
2026-04-26T06:54:44,53,Verify-DSH,POST,http://localhost:8080/scheme/vehicle/verify-dsh,200,20041,True,1,110,112.015,CBAS-DSH Verify success,
2026-04-26T06:54:44,54,Verify-DSH,POST,http://localhost:8080/scheme/vehicle/verify-dsh,200,20041,True,1,119,121.233,CBAS-DSH Verify success,
2026-04-26T06:54:44,55,Verify-DSH,POST,http://localhost:8080/scheme/vehicle/verify-dsh,200,20041,True,1,105,107.426,CBAS-DSH Verify success,
2026-04-26T06:54:45,56,Verify-DSH,POST,http://localhost:8080/scheme/vehicle/verify-dsh,200,20041,True,1,116,118.515,CBAS-DSH Verify success,
2026-04-26T06:54:45,57,Verify-DSH,POST,http://localhost:8080/scheme/vehicle/verify-dsh,200,20041,True,1,114,116.418,CBAS-DSH Verify success,
2026-04-26T06:54:45,58,Verify-DSH,POST,http://localhost:8080/scheme/vehicle/verify-dsh,200,20041,True,1,105,106.502,CBAS-DSH Verify success,
2026-04-26T06:54:45,59,Verify-DSH,POST,http://localhost:8080/scheme/vehicle/verify-dsh,200,20041,True,1,110,111.824,CBAS-DSH Verify success,
2026-04-26T06:54:45,60,Verify-DSH,POST,http://localhost:8080/scheme/vehicle/verify-dsh,200,20041,True,1,118,120.108,CBAS-DSH Verify success,
2026-04-26T06:54:45,61,Verify-DSH,POST,http://localhost:8080/scheme/vehicle/verify-dsh,200,20041,True,1,122,124.195,CBAS-DSH Verify success,
2026-04-26T06:54:45,62,Verify-DSH,POST,http://localhost:8080/scheme/vehicle/verify-dsh,200,20041,True,1,148,150.137,CBAS-DSH Verify success,
2026-04-26T06:54:45,63,Verify-DSH,POST,http://localhost:8080/scheme/vehicle/verify-dsh,200,20041,True,1,108,110.322,CBAS-DSH Verify success,
2026-04-26T06:54:46,64,Verify-DSH,POST,http://localhost:8080/scheme/vehicle/verify-dsh,200,20041,True,1,148,150.057,CBAS-DSH Verify success,
2026-04-26T06:54:46,65,Verify-DSH,POST,http://localhost:8080/scheme/vehicle/verify-dsh,200,20041,True,1,106,108.394,CBAS-DSH Verify success,
2026-04-26T06:54:46,66,Verify-DSH,POST,http://localhost:8080/scheme/vehicle/verify-dsh,200,20041,True,1,111,112.874,CBAS-DSH Verify success,
2026-04-26T06:54:46,67,Verify-DSH,POST,http://localhost:8080/scheme/vehicle/verify-dsh,200,20041,True,1,155,157.391,CBAS-DSH Verify success,
2026-04-26T06:54:46,68,Verify-DSH,POST,http://localhost:8080/scheme/vehicle/verify-dsh,200,20041,True,1,144,145.646,CBAS-DSH Verify success,
2026-04-26T06:54:46,69,Verify-DSH,POST,http://localhost:8080/scheme/vehicle/verify-dsh,200,20041,True,1,123,125.408,CBAS-DSH Verify success,
2026-04-26T06:54:46,70,Verify-DSH,POST,http://localhost:8080/scheme/vehicle/verify-dsh,200,20041,True,1,105,106.677,CBAS-DSH Verify success,
2026-04-26T06:54:46,71,Verify-DSH,POST,http://localhost:8080/scheme/vehicle/verify-dsh,200,20041,True,1,116,118.323,CBAS-DSH Verify success,
2026-04-26T06:54:47,72,Verify-DSH,POST,http://localhost:8080/scheme/vehicle/verify-dsh,200,20041,True,1,110,111.928,CBAS-DSH Verify success,
2026-04-26T06:54:47,73,Verify-DSH,POST,http://localhost:8080/scheme/vehicle/verify-dsh,200,20041,True,1,105,107.137,CBAS-DSH Verify success,
2026-04-26T06:54:47,74,Verify-DSH,POST,http://localhost:8080/scheme/vehicle/verify-dsh,200,20041,True,1,113,115.163,CBAS-DSH Verify success,
2026-04-26T06:54:47,75,Verify-DSH,POST,http://localhost:8080/scheme/vehicle/verify-dsh,200,20041,True,1,127,128.439,CBAS-DSH Verify success,
2026-04-26T06:54:47,76,Verify-DSH,POST,http://localhost:8080/scheme/vehicle/verify-dsh,200,20041,True,1,156,158.417,CBAS-DSH Verify success,
2026-04-26T06:54:47,77,Verify-DSH,POST,http://localhost:8080/scheme/vehicle/verify-dsh,200,20041,True,1,113,115.299,CBAS-DSH Verify success,
2026-04-26T06:54:47,78,Verify-DSH,POST,http://localhost:8080/scheme/vehicle/verify-dsh,200,20041,True,1,118,120.906,CBAS-DSH Verify success,
2026-04-26T06:54:47,79,Verify-DSH,POST,http://localhost:8080/scheme/vehicle/verify-dsh,200,20041,True,1,122,124.593,CBAS-DSH Verify success,
2026-04-26T06:54:48,80,Verify-DSH,POST,http://localhost:8080/scheme/vehicle/verify-dsh,200,20041,True,1,118,120.384,CBAS-DSH Verify success,
2026-04-26T06:54:48,81,Verify-DSH,POST,http://localhost:8080/scheme/vehicle/verify-dsh,200,20041,True,1,114,116.909,CBAS-DSH Verify success,
2026-04-26T06:54:48,82,Verify-DSH,POST,http://localhost:8080/scheme/vehicle/verify-dsh,200,20041,True,1,130,133.024,CBAS-DSH Verify success,
2026-04-26T06:54:48,83,Verify-DSH,POST,http://localhost:8080/scheme/vehicle/verify-dsh,200,20041,True,1,162,163.794,CBAS-DSH Verify success,
2026-04-26T06:54:48,84,Verify-DSH,POST,http://localhost:8080/scheme/vehicle/verify-dsh,200,20041,True,1,133,135.289,CBAS-DSH Verify success,
2026-04-26T06:54:48,85,Verify-DSH,POST,http://localhost:8080/scheme/vehicle/verify-dsh,200,20041,True,1,123,124.996,CBAS-DSH Verify success,
2026-04-26T06:54:48,86,Verify-DSH,POST,http://localhost:8080/scheme/vehicle/verify-dsh,200,20041,True,1,107,109.091,CBAS-DSH Verify success,
2026-04-26T06:54:48,87,Verify-DSH,POST,http://localhost:8080/scheme/vehicle/verify-dsh,200,20041,True,1,138,140.39,CBAS-DSH Verify success,
2026-04-26T06:54:49,88,Verify-DSH,POST,http://localhost:8080/scheme/vehicle/verify-dsh,200,20041,True,1,215,217.852,CBAS-DSH Verify success,
2026-04-26T06:54:49,89,Verify-DSH,POST,http://localhost:8080/scheme/vehicle/verify-dsh,200,20041,True,1,125,127.549,CBAS-DSH Verify success,
2026-04-26T06:54:49,90,Verify-DSH,POST,http://localhost:8080/scheme/vehicle/verify-dsh,200,20041,True,1,120,122.268,CBAS-DSH Verify success,
2026-04-26T06:54:49,91,Verify-DSH,POST,http://localhost:8080/scheme/vehicle/verify-dsh,200,20041,True,1,109,111.096,CBAS-DSH Verify success,
2026-04-26T06:54:49,92,Verify-DSH,POST,http://localhost:8080/scheme/vehicle/verify-dsh,200,20041,True,1,114,117.225,CBAS-DSH Verify success,
2026-04-26T06:54:49,93,Verify-DSH,POST,http://localhost:8080/scheme/vehicle/verify-dsh,200,20041,True,1,151,152.998,CBAS-DSH Verify success,
2026-04-26T06:54:49,94,Verify-DSH,POST,http://localhost:8080/scheme/vehicle/verify-dsh,200,20041,True,1,108,110.641,CBAS-DSH Verify success,
2026-04-26T06:54:50,95,Verify-DSH,POST,http://localhost:8080/scheme/vehicle/verify-dsh,200,20041,True,1,156,158.093,CBAS-DSH Verify success,
2026-04-26T06:54:50,96,Verify-DSH,POST,http://localhost:8080/scheme/vehicle/verify-dsh,200,20041,True,1,118,120.095,CBAS-DSH Verify success,
2026-04-26T06:54:50,97,Verify-DSH,POST,http://localhost:8080/scheme/vehicle/verify-dsh,200,20041,True,1,142,143.799,CBAS-DSH Verify success,
2026-04-26T06:54:50,98,Verify-DSH,POST,http://localhost:8080/scheme/vehicle/verify-dsh,200,20041,True,1,110,112.768,CBAS-DSH Verify success,
2026-04-26T06:54:50,99,Verify-DSH,POST,http://localhost:8080/scheme/vehicle/verify-dsh,200,20041,True,1,126,128.347,CBAS-DSH Verify success,
2026-04-26T06:54:50,100,Verify-DSH,POST,http://localhost:8080/scheme/vehicle/verify-dsh,200,20041,True,1,149,150.963,CBAS-DSH Verify success,
